<window id="7777">
	<defaultcontrol always="false">200</defaultcontrol>
	<coordinates>
		<system>1</system>
		<posx>435</posx>
		<posy>150</posy>
	</coordinates>
	<include>dialogeffect</include>
	<controls>
		<control type="group">
			<include>VisibleFadeEffect</include>
			<control type="image">
				<description>Background Image</description>
				<posx>0</posx>
				<posy>0</posy>
				<width>410</width>
				<height>420</height>
				<texture border="40">DialogBack2.png</texture>
			</control>
			<control type="image">
				<description>Dialog Header image</description>
				<posx>40</posx>
				<posy>16</posy>
				<width>330</width>
				<height>40</height>
				<texture>dialogheader.png</texture>
			</control>
			<control type="label" id="100">
				<description>header label</description>
				<posx>40</posx>
				<posy>20</posy>
				<width>330</width>
				<height>30</height>
				<font>font13_title</font>
				<label>$ADDON[plugin.video.1channel 30500]</label>
				<align>center</align>
				<aligny>center</aligny>
				<textcolor>selected</textcolor>
				<shadowcolor>black</shadowcolor>
			</control>
			<control type="button">
				<description>Close Window button</description>
				<posx>320</posx>
				<posy>15</posy>
				<width>64</width>
				<height>32</height>
				<label>-</label>
				<font>-</font>
				<onclick>PreviousMenu</onclick>
				<texturefocus>DialogCloseButton-focus.png</texturefocus>
				<texturenofocus>DialogCloseButton.png</texturenofocus>
				<visible>system.getbool(input.enablemouse)</visible>
			</control>
		</control>
		<control type="group">
			<posx>30</posx>
			<posy>60</posy>
			<control type="radiobutton" id="77770">
				<posx>0</posx>
				<posy>0</posy>
				<width>350</width>
				<height>30</height>
				<font>font12</font>
				<label>$ADDON[plugin.video.1channel 30501]</label>
			</control>
			<control type="radiobutton" id="77771">
				<posx>0</posx>
				<posy>35</posy>
				<width>350</width>
				<height>30</height>
				<font>font12</font>
				<label>$ADDON[plugin.video.1channel 30502]</label>
			</control>
			<control type="radiobutton" id="77772">
				<posx>0</posx>
				<posy>70</posy>
				<width>350</width>
				<height>30</height>
				<font>font12</font>
				<label>$ADDON[plugin.video.1channel 30503]</label>
			</control>
			<control type="radiobutton" id="77773">
				<posx>0</posx>
				<posy>105</posy>
				<width>350</width>
				<height>30</height>
				<font>font12</font>
				<label>$ADDON[plugin.video.1channel 30504]</label>
			</control>
			<control type="radiobutton" id="77774">
				<posx>0</posx>
				<posy>140</posy>
				<width>350</width>
				<height>30</height>
				<font>font12</font>
				<label>$ADDON[plugin.video.1channel 30505]</label>
			</control>
			<control type="radiobutton" id="77775">
				<posx>0</posx>
				<posy>175</posy>
				<width>350</width>
				<height>30</height>
				<font>font12</font>
				<label>$ADDON[plugin.video.1channel 30506]</label>
			</control>
			<control type="radiobutton" id="77776">
				<posx>0</posx>
				<posy>210</posy>
				<width>350</width>
				<height>30</height>
				<font>font12</font>
				<label>$ADDON[plugin.video.1channel 30507]</label>
			</control>
			<control type="radiobutton" id="99">
				<posx>0</posx>
				<posy>245</posy>
				<width>350</width>
				<height>30</height>
				<font>font12</font>
				<label>$ADDON[plugin.video.1channel 30508]</label>
				<ondown>200</ondown>
				<onright>200</onright>
			</control>
		</control>
		<control type="group" id="9001">
			<control type="button" id="200">
				<description>OK Button</description>
				<posx>50</posx>
				<posy>350</posy>
				<width>155</width>
				<height>40</height>
				<align>center</align>
				<aligny>center</aligny>
				<label>$ADDON[plugin.video.1channel 30509]</label>
				<font>font13_title</font>
				<onup>99</onup>
				<onleft>99</onleft>
				<ondown>201</ondown>
				<onright>201</onright>
			</control>
			<control type="button" id="201">
				<description>Cancel Button</description>
				<posx>210</posx>
				<posy>350</posy>
				<width>150</width>
				<height>40</height>
				<align>center</align>
				<aligny>center</aligny>
				<label>$ADDON[plugin.video.1channel 30510]</label>
				<font>font13_title</font>
				<onup>200</onup>
				<onleft>200</onleft>
			</control>
		</control>
	</controls>
</window>